City_ID,City,Lat,Lng,Max Temp,Humidity,Cloudiness,Wind Speed,Country,Date
0,roma,43.2128,-75.4557,270.86,89,0,0.0,US,1699846747
1,margate,51.3813,1.3862,284.76,95,100,2.24,GB,1699846906
2,queenstown,-31.8976,26.8753,282.2,86,2,0.1,ZA,1699846906
3,port-aux-francais,-49.35,70.2167,277.59,79,100,2.9,TF,1699846906
4,wellington,-41.2866,174.7756,290.96,83,75,13.38,NZ,1699846750
5,udachny,66.4167,112.4,261.18,84,100,3.64,RU,1699846907
6,pico truncado,-46.7949,-67.9573,282.4,41,0,10.43,AR,1699846907
7,torghay,49.6339,63.4981,277.12,89,8,1.16,KZ,1699846907
8,waitangi,-43.9535,-176.5597,286.1,85,100,8.38,NZ,1699846739
9,bambanglipuro,-7.95,110.2833,302.43,70,57,5.64,ID,1699846907
10,vinton,37.281,-79.897,280.62,82,0,0.71,US,1699846907
11,uyuni,-20.4597,-66.825,284.32,32,61,4.34,BO,1699846907
12,priargunsk,50.3691,119.1012,263.13,83,47,1.79,RU,1699846907
13,ribeira grande,38.5167,-28.7,290.25,86,100,3.13,PT,1699846907
14,adamstown,-25.066,-130.1015,295.94,86,99,8.81,PN,1699846739
15,bethel,41.3712,-73.414,274.53,76,0,0.0,US,1699846908
16,anadyr,64.75,177.4833,271.43,86,75,6.0,RU,1699846745
17,yellowknife,62.456,-114.3525,265.6,95,75,8.75,CA,1699846620
18,le vauclin,14.5452,-60.8388,300.18,78,20,6.17,MQ,1699846908
19,nuuk,64.1835,-51.7216,267.49,79,11,5.66,GL,1699846908
20,crane,31.3974,-102.3501,287.15,80,100,3.96,US,1699846908
21,turtas,58.9417,69.1325,272.99,97,66,1.95,RU,1699846909
22,cuenca,-2.8833,-78.9833,288.22,77,40,0.51,EC,1699846903
23,newman,37.3138,-121.0208,290.34,39,96,2.42,US,1699846910
24,remire-montjoly,4.9167,-52.2667,300.07,83,1,4.8,GF,1699846755
25,tazovsky,67.4667,78.7,266.34,94,85,7.24,RU,1699846655
26,coquimbo,-29.9533,-71.3436,287.0,82,0,3.6,CL,1699846910
27,invercargill,-46.4,168.35,285.38,91,100,2.68,NZ,1699846675
28,disina,11.4814,9.919,293.58,23,61,3.09,NG,1699846910
29,cozumel,20.5083,-86.9458,300.9,90,9,4.02,MX,1699846642
30,saipan,15.1355,145.701,304.54,74,20,8.75,MP,1699846910
31,hobyo,5.3505,48.5268,300.5,80,100,4.41,SO,1699846781
32,tambopata,-12.7333,-69.1833,299.01,68,87,0.83,PE,1699846911
33,papatowai,-46.5619,169.4708,283.94,96,100,2.46,NZ,1699846911
34,yuzhno-kurilsk,44.0306,145.8556,275.58,80,81,1.9,RU,1699846911
35,puerto natales,-51.7236,-72.4875,278.09,86,100,2.21,CL,1699846911
36,pisco,-13.7,-76.2167,292.6,88,15,3.09,PE,1699846911
37,horta,38.5333,-28.6333,289.83,86,100,3.13,PT,1699846912
38,howrah,22.5892,88.3103,299.15,69,15,4.12,IN,1699846760
39,minas de marcona,-15.2119,-75.1103,287.54,91,90,6.0,PE,1699846912
40,cill airne,52.05,-9.5167,282.64,86,97,12.98,IE,1699846912
41,blackmans bay,-43.0167,147.3167,294.22,35,2,2.35,AU,1699846912
42,serdar,38.9764,56.2757,286.23,47,52,5.25,TM,1699846912
43,tolanaro,-25.0319,46.9987,293.19,88,0,0.0,MG,1699846768
44,new norfolk,-42.7826,147.0587,294.87,32,15,4.77,AU,1699846913
45,wailua homesteads,22.0669,-159.378,300.39,80,75,8.23,US,1699846913
46,college,64.8569,-147.8028,261.73,82,20,0.0,US,1699846720
47,rehoboth,-23.3167,17.0833,294.53,44,11,1.95,NA,1699846913
48,baise city,23.8997,106.6133,287.23,80,100,0.5,CN,1699846913
49,bousso,10.4795,16.7117,297.95,74,84,2.19,TD,1699846913
50,petropavlovsk-kamchatsky,53.0452,158.6483,272.48,74,40,12.52,RU,1699846913
51,hamilton,39.1834,-84.5333,281.36,71,0,0.89,US,1699846325
52,puerto gaitan,4.3133,-72.0816,297.68,86,60,2.45,CO,1699846914
53,margaret river,-33.95,115.0667,297.79,49,55,3.03,AU,1699846740
54,codrington,-38.2667,141.9667,289.67,53,5,6.96,AU,1699846758
55,betio village,1.358,172.9211,303.17,75,71,5.02,KI,1699846914
56,ushuaia,-54.8,-68.3,282.96,53,0,4.12,AR,1699846743
57,nola,40.922,14.5329,287.39,99,22,0.48,IT,1699846914
58,labrador city,52.9463,-66.9114,265.1,93,100,3.09,CA,1699846914
59,west island,-12.1568,96.8225,301.14,78,75,4.63,CC,1699846914
60,constantia,44.1833,28.65,278.53,51,100,1.68,RO,1699846914
61,bredasdorp,-34.5322,20.0403,286.61,86,53,0.75,ZA,1699846915
62,port lincoln,-34.7333,135.8667,290.53,62,100,6.15,AU,1699846915
63,oranjemund,-28.55,16.4333,286.71,86,0,4.73,NA,1699846915
64,zavodskoy,43.4597,132.2922,273.92,37,7,7.0,RU,1699846915
65,as sulayyil,20.4607,45.5779,291.29,47,9,3.19,SA,1699846915
66,kristiansund,63.1115,7.732,273.51,80,61,2.06,NO,1699846915
67,flying fish cove,-10.4217,105.6791,300.97,69,40,6.17,CX,1699846915
68,tiksi,71.6872,128.8694,256.05,90,78,5.96,RU,1699846915
69,kodiak,57.79,-152.4072,271.88,80,40,1.54,US,1699846915
70,ust-nera,64.5667,143.2,249.11,99,99,1.39,RU,1699846916
71,rawson,-43.3002,-65.1023,284.85,41,74,5.28,AR,1699846875
72,kirensk,57.7853,108.1119,266.03,70,80,2.24,RU,1699846916
73,moletai,55.2333,25.4167,278.07,91,100,5.47,LT,1699846916
74,grytviken,-54.2811,-36.5092,275.54,91,100,1.84,GS,1699846740
75,al bawiti,28.3492,28.8659,292.08,89,0,2.71,EG,1699846916
76,al jahra',29.3375,47.6581,296.79,52,100,1.5,KW,1699846916
77,koraput,18.8167,82.7167,297.34,50,50,2.87,IN,1699846916
78,astrakhan,46.3497,48.0408,284.08,76,75,3.13,RU,1699846917
79,fortuna,40.5982,-124.1573,287.0,83,0,3.13,US,1699846848
80,onega,63.9061,38.1404,268.8,85,84,6.28,RU,1699846917
81,port elizabeth,-33.918,25.5701,288.31,79,0,5.14,ZA,1699846917
82,edinburgh of the seven seas,-37.0676,-12.3116,287.5,81,54,10.96,SH,1699846742
83,iqaluit,63.7506,-68.5145,254.09,77,20,2.57,CA,1699846917
84,naze,28.3667,129.4833,291.66,64,96,8.76,JP,1699846917
85,port mathurin,-19.6833,63.4167,298.32,78,0,2.01,MU,1699846744
86,batarasa,8.6617,117.6222,303.87,65,9,3.74,PH,1699846917
87,longyearbyen,78.2186,15.6401,267.06,73,75,8.75,SJ,1699846918
88,juan griego,11.0817,-63.9655,299.81,84,100,5.93,VE,1699846918
89,acarau,-2.8856,-40.12,298.86,78,0,5.94,BR,1699846886
90,uray,60.1247,64.7758,270.3,94,97,1.34,RU,1699846918
91,dzhalagash,45.0833,64.6667,278.25,71,6,0.85,KZ,1699846918
92,susuman,62.7833,148.1667,244.99,97,92,0.41,RU,1699846765
93,vorgashor,67.5833,63.95,262.61,97,95,2.7,RU,1699846918
94,lebu,-37.6167,-73.65,281.1,74,0,6.25,CL,1699846744
95,albany,42.6001,-73.9662,271.33,81,0,1.44,US,1699846918
96,zaysan,47.4667,84.8667,275.82,87,100,1.57,KZ,1699846919
97,port hedland,-20.3167,118.5667,304.18,51,14,7.72,AU,1699846919
98,zhob,31.3411,69.4481,287.96,27,7,1.74,PK,1699846919
99,basoko,1.2391,23.616,293.35,97,81,0.77,CD,1699846919
100,g'azalkent,41.5581,69.7708,281.02,37,73,2.55,UZ,1699846919
101,kerikeri,-35.2268,173.9474,292.45,53,31,3.84,NZ,1699846685
102,bhadrakh,21.0528,86.52,301.05,48,49,3.28,IN,1699846919
103,tengrela,10.4869,-6.4097,296.65,53,23,0.26,CI,1699846919
104,natal,-5.795,-35.2094,297.27,83,20,3.09,BR,1699846919
105,nova vicosa,-17.8919,-39.3719,297.42,84,1,6.68,BR,1699846920
106,borovichi,58.3878,33.9155,276.49,94,100,1.79,RU,1699846920
107,nema,57.5067,50.5011,275.02,94,100,6.43,RU,1699846920
108,elliot lake,46.3834,-82.6331,277.55,89,100,6.32,CA,1699846790
109,brookings,44.3114,-96.7984,279.36,57,0,2.57,US,1699846626
110,bathsheba,13.2167,-59.5167,301.49,83,40,7.72,BB,1699846920
111,ketchikan,55.3422,-131.6461,280.14,61,0,2.57,US,1699846920
112,punta arenas,-53.15,-70.9167,282.21,61,75,7.2,CL,1699846675
113,san patricio,28.017,-97.5169,290.84,97,100,5.6,US,1699846920
114,jamestown,42.097,-79.2353,275.95,77,0,0.45,US,1699846675
115,sitka,57.0531,-135.33,275.09,87,0,0.0,US,1699846921
116,kaohsiung,22.6163,120.3133,302.12,64,40,3.09,TW,1699846921
117,nalut,30.3333,10.85,288.56,38,0,3.35,LY,1699846921
118,leo,11.1,-2.1,296.74,18,70,3.31,BF,1699846921
119,yangquan,37.8575,113.5633,279.66,23,100,4.29,CN,1699846921
120,tchintabaraden,15.8969,5.7985,295.52,15,4,4.73,NE,1699846921
121,al jawf,29.5,38.75,294.49,43,99,0.61,SA,1699846921
122,norak,38.3892,69.3227,280.99,37,62,2.15,TJ,1699846921
123,georgetown,5.4112,100.3354,305.9,74,20,2.57,MY,1699846922
124,qaqortoq,60.7167,-46.0333,264.26,91,26,1.05,GL,1699846922
125,lompoc,34.6391,-120.4579,288.47,82,0,2.57,US,1699846741
126,parabel',58.6978,81.4825,270.88,98,94,1.79,RU,1699846922
127,pampierstad,-27.7832,24.6877,290.26,34,1,2.93,ZA,1699846922
128,revda,56.801,59.9303,273.93,85,100,1.5,RU,1699846922
129,loikaw,19.6742,97.2094,298.15,77,70,1.19,MM,1699846923
130,kuusamo,65.9667,29.1833,269.17,93,100,3.09,FI,1699846923
131,lakatoro,-16.0999,167.4164,299.2,71,100,8.59,VU,1699846923
132,cururupu,-1.8283,-44.8683,296.34,88,0,1.61,BR,1699846745
133,magong,23.5654,119.5863,293.34,78,95,18.84,TW,1699846923
134,puerto ayora,-0.7393,-90.3518,297.9,92,77,2.68,EC,1699846923
135,dudinka,69.4058,86.1778,270.75,96,100,5.36,RU,1699846924
136,arno,60.1167,18.6333,276.36,97,100,4.97,SE,1699846924
137,avarua,-21.2078,-159.775,296.18,68,99,3.09,CK,1699846752
138,ta`u,-14.2336,-169.5144,301.22,77,26,3.19,AS,1699846924
139,stanley,54.868,-1.6985,280.11,95,100,2.57,GB,1699846924
140,yendi,9.4427,-0.0099,298.9,62,30,2.24,GH,1699846924
141,hermanus,-34.4187,19.2345,287.18,87,14,4.45,ZA,1699846925
142,quibdo,5.6947,-76.6611,296.9,99,100,0.66,CO,1699846850
143,kachug,53.9606,105.8817,268.18,97,59,0.45,RU,1699846925
144,byron bay,-28.65,153.6167,297.43,74,79,5.41,AU,1699846925
145,behshahr,36.6923,53.5526,285.12,41,100,2.06,IR,1699846925
146,agadez,19.75,10.25,292.53,23,0,3.73,NE,1699846789
147,greymouth,-42.4667,171.2,288.05,85,100,4.67,NZ,1699846926
148,pitimbu,-7.4706,-34.8086,297.48,79,17,2.26,BR,1699846926
149,iskateley,67.6803,53.1512,261.49,94,44,2.24,RU,1699846745
150,thompson,55.7435,-97.8558,271.24,100,100,1.03,CA,1699846926
151,puerto madryn,-42.7692,-65.0385,285.7,36,66,5.49,AR,1699846926
152,hawaiian paradise park,19.5933,-154.9731,296.88,92,100,0.45,US,1699846926
153,arraial do cabo,-22.9661,-42.0278,297.14,88,93,2.42,BR,1699846667
154,leu,44.1833,24.0,273.33,100,0,2.06,RO,1699846927
155,el porvenir,13.7617,-87.3458,296.78,80,99,3.01,HN,1699846927
156,pertuis,43.6925,5.5028,286.55,90,26,1.93,FR,1699846927
157,bilibino,68.0546,166.4372,256.45,98,100,2.44,RU,1699846927
158,usogorsk,63.4106,48.6872,266.85,97,99,5.68,RU,1699846927
159,happy valley-goose bay,53.3168,-60.3315,270.32,68,75,5.66,CA,1699846927
160,abepura,-2.6333,140.5833,308.6,46,20,3.6,ID,1699846927
161,auki,-8.7676,160.7034,301.18,74,100,1.22,SB,1699846929
162,timbuktu,16.7735,-3.0074,297.1,11,0,5.08,ML,1699846749
163,isiolo,0.3546,37.5822,293.66,83,96,0.84,KE,1699846929
164,hoshiarpur,31.5322,75.9172,293.52,50,3,0.62,IN,1699846929
165,boke,10.9409,-14.2967,296.54,96,8,0.92,GN,1699846929
166,mburucuya,-28.0454,-58.2245,298.09,85,68,5.07,AR,1699846929
167,talnakh,69.4865,88.3972,268.82,97,100,2.87,RU,1699846930
168,dzilam gonzalez,21.2833,-88.9333,297.39,87,76,3.0,MX,1699846930
169,arawa,-6.2132,155.5367,303.93,62,21,0.62,PG,1699846930
170,ilulissat,69.2167,-51.1,260.16,66,20,1.54,GL,1699846930
171,whitehorse,60.7161,-135.0538,269.58,80,100,3.6,CA,1699846930
172,fale old settlement,-9.3852,-171.2468,302.56,68,57,1.5,TK,1699846930
173,vadso,70.0744,29.7487,268.24,80,20,1.54,NO,1699846931
174,syktyvkar,61.6764,50.8099,273.1,100,100,5.0,RU,1699846931
175,krasnovishersk,60.4078,57.082,273.02,94,100,2.25,RU,1699846931
176,gibsons,49.3997,-123.5027,282.15,91,100,4.42,CA,1699846931
177,palikir - national government center,6.9248,158.1611,304.56,74,100,2.57,FM,1699846931
178,shimoda,34.6667,138.95,287.35,76,90,5.85,JP,1699846932
179,boulder city,35.9786,-114.8325,288.51,26,0,2.06,US,1699846932
180,mount isa,-20.7333,139.5,311.02,20,6,6.17,AU,1699846932
181,lihue,21.9789,-159.3672,300.73,74,75,8.23,US,1699846932
182,pokaran,26.9167,71.9167,296.66,29,79,3.13,IN,1699846932
183,sao tome,0.3365,6.7273,299.45,85,31,3.31,ST,1699846933
184,chalisgaon,20.4667,75.0167,298.6,29,92,1.62,IN,1699846933
185,big bend,-26.8167,31.9333,292.4,77,100,1.95,SZ,1699846933
186,hammerfest,70.6634,23.6821,265.4,67,14,0.51,NO,1699846934
187,rikaze,29.25,88.8833,278.25,11,0,0.61,CN,1699846934
188,keflavik,64.0049,-22.5624,277.1,70,0,8.23,IS,1699846934
189,freetown,8.484,-13.2299,300.99,83,40,2.06,SL,1699846935
190,westport,41.1415,-73.3579,275.55,70,0,2.57,US,1699846935
191,aasiaat,68.7098,-52.8699,258.7,87,18,1.94,GL,1699846935
192,isafjordur,66.0755,-23.124,274.43,84,100,2.4,IS,1699846936
193,lisakovsk,52.5369,62.4936,276.17,90,71,3.33,KZ,1699846936
194,ichnya,50.8626,32.3942,279.1,83,100,7.09,UA,1699846936
195,geraldton,-28.7667,114.6,300.38,47,0,5.66,AU,1699846749
196,zouerate,22.7187,-12.4521,294.12,14,5,2.93,MR,1699846936
197,tura,25.5198,90.2201,299.06,56,0,0.6,IN,1699846750
198,forster,-32.1667,152.5167,296.69,68,74,5.67,AU,1699846937
199,villanueva,15.3167,-88.0,298.17,100,75,2.06,HN,1699846937
200,namie,37.4833,141.0,282.99,71,100,4.74,JP,1699846937
201,papao,-17.75,-149.55,297.97,80,54,1.24,PF,1699846937
202,enewetak,11.3474,162.3373,300.78,81,100,6.93,MH,1699846937
203,hoopeston,40.4673,-87.6684,280.37,49,0,3.92,US,1699846937
204,shuangjiang,26.1547,109.7138,278.02,91,100,2.24,CN,1699846938
205,tralee,52.2704,-9.7026,282.58,88,86,14.96,IE,1699846938
206,novospasskoye,53.1468,47.7514,281.7,88,100,8.07,RU,1699846938
207,pimentel,-6.8367,-79.9342,294.31,73,0,7.72,PE,1699846938
208,valle de la pascua,9.2155,-66.0073,297.57,83,93,3.35,VE,1699846938
209,canutama,-6.5339,-64.3831,298.15,77,48,0.78,BR,1699846938
210,yorkton,51.2167,-102.4677,274.06,86,75,6.17,CA,1699846938
211,altay,47.8667,88.1167,273.41,87,100,0.4,CN,1699846939
212,monte patria,-30.6919,-70.9467,289.11,53,3,0.9,CL,1699846939
213,san luis de la loma,17.2706,-100.8939,299.8,84,52,2.33,MX,1699846939
214,richards bay,-28.783,32.0377,292.18,81,98,2.84,ZA,1699846939
215,kertih,4.5141,103.4483,305.16,70,20,1.03,MY,1699846939
216,wad rawah,15.1603,33.1397,302.63,31,40,3.85,SD,1699846939
217,st. john's,47.5649,-52.7093,271.92,81,100,5.14,CA,1699846940
218,galesong,-5.3166,119.3661,306.16,59,60,4.3,ID,1699846940
219,carnarvon,-24.8667,113.6333,296.91,62,28,5.31,AU,1699846940
220,east ballina,-28.8667,153.5833,297.48,73,72,6.02,AU,1699846940
221,uturoa,-16.7333,-151.4333,300.69,76,67,1.92,PF,1699846941
222,khorixas,-20.3667,14.9667,294.87,19,7,0.32,NA,1699846941
223,vernon,50.2581,-119.2691,280.24,71,100,1.03,CA,1699846941
224,cidreira,-30.1811,-50.2056,293.83,98,100,7.13,BR,1699846753
225,east london,-33.0153,27.9116,287.67,77,0,3.6,ZA,1699846941
226,kill devil hills,36.0307,-75.676,285.92,72,75,7.72,US,1699846923
227,san fernando de monte cristi,19.8667,-71.65,299.86,79,10,7.19,DO,1699846941
228,brisas de zicatela,15.8369,-97.0419,301.44,57,0,1.54,MX,1699846942
229,kingston,17.997,-76.7936,301.68,79,20,2.57,JM,1699846858
230,camiri,-20.05,-63.5167,294.43,88,100,1.63,BO,1699846942
231,olonkinbyen,70.9221,-8.7187,269.95,67,100,2.57,SJ,1699846741
232,fort abbas,29.1925,72.8536,296.42,32,15,3.05,PK,1699846942
233,klyuchi,52.2667,79.1667,277.85,81,97,4.94,RU,1699846942
234,mount pearl,47.5166,-52.7813,271.46,81,100,5.14,CA,1699846811
235,guayaramerin,-10.8368,-65.3614,297.58,88,48,1.24,BO,1699846943
236,ouesso,1.6136,16.0517,294.31,99,99,0.78,CG,1699846943
237,patrocinio,-18.9439,-46.9925,296.56,36,80,1.32,BR,1699846943
238,nadym,65.5333,72.5167,264.56,81,14,8.11,RU,1699846943
239,berdigestyakh,62.0989,126.6992,258.21,92,99,3.61,RU,1699846943
240,benghazi,32.1167,20.0667,294.85,67,3,4.38,LY,1699846943
241,ciudad lazaro cardenas,17.9583,-102.2,299.15,85,52,1.69,MX,1699846755
242,aleksandrovsk-sakhalinskiy,50.8975,142.1561,269.58,68,91,6.65,RU,1699846944
243,nishinoomote,30.7333,131.0,288.46,47,40,8.23,JP,1699846944
244,launceston,-41.45,147.1667,295.56,40,0,9.77,AU,1699846722
245,ormara,25.2088,64.6357,298.3,44,91,2.41,PK,1699846944
246,buala,-8.145,159.5921,301.86,72,96,2.72,SB,1699846944
247,polewali,-3.4324,119.3435,305.19,57,58,2.69,ID,1699846944
248,saint-philippe,-21.3585,55.7679,297.1,79,67,2.06,RE,1699846945
249,sao jose da coroa grande,-8.8978,-35.1478,296.46,80,7,1.65,BR,1699846781
250,uliastay,47.7417,96.8444,267.44,54,100,1.09,MN,1699846756
251,vilyuchinsk,52.9306,158.4028,273.3,72,43,1.89,RU,1699846945
252,portland,45.5234,-122.6762,286.82,86,100,7.72,US,1699846875
253,hope,33.6671,-93.5916,285.18,64,100,2.1,US,1699846945
254,port alfred,-33.5906,26.891,287.14,87,83,0.89,ZA,1699846945
255,chonchi,-42.6128,-73.8092,280.44,89,98,1.82,CL,1699846945
256,kericho,-0.3677,35.2831,286.54,93,83,1.65,KE,1699846945
257,dunedin,-45.8742,170.5036,286.93,80,100,1.34,NZ,1699846705
258,odda,60.0691,6.5457,279.69,93,87,2.29,NO,1699846946
259,atafu village,-8.5421,-172.5159,302.63,68,44,2.12,TK,1699846754
260,kavieng,-2.5744,150.7967,301.92,67,94,1.77,PG,1699846946
261,feltre,46.0235,11.907,277.92,89,35,1.9,IT,1699846946
262,khorinsk,52.1657,109.7726,267.29,59,86,2.01,RU,1699846946
263,rakops,-21.0167,24.3333,299.57,24,79,4.76,BW,1699846946
264,lianzhou,24.7811,112.3825,283.53,80,100,3.19,CN,1699846946
265,altinopolis,-21.0256,-47.3739,295.79,36,88,1.83,BR,1699846947
266,borogontsy,62.6683,131.1683,257.14,93,76,2.45,RU,1699846947
267,kodinsk,58.6881,99.1844,266.84,79,100,1.72,RU,1699846947
268,juba,4.8517,31.5825,297.22,73,14,0.68,SS,1699846947
269,dauphin,51.1494,-100.0502,276.23,75,0,8.23,CA,1699846947
270,hasaki,35.7333,140.8333,286.37,61,99,7.9,JP,1699846947
271,tanout,14.9709,8.8879,294.34,18,25,5.15,NE,1699846948
272,chishmy,54.5765,55.3764,276.28,78,100,7.96,RU,1699846948
273,chinde,26.8418,88.0763,292.64,42,0,1.76,NP,1699846948
274,mahanoro,-19.9,48.8,296.81,76,61,1.97,MG,1699846948
275,bouza,14.4229,6.0428,295.61,15,0,3.93,NE,1699846948
276,villa gesell,-37.2639,-56.973,285.4,58,84,5.17,AR,1699846809
277,honolulu,21.3069,-157.8583,301.05,76,75,8.75,US,1699846504
278,port blair,11.6667,92.75,299.17,89,100,1.03,IN,1699846948
279,hithadhoo,-0.6,73.0833,300.51,79,97,4.26,MV,1699846949
280,la passe,45.5549,-0.8967,288.7,81,92,6.23,FR,1699846849
281,tsiombe,-25.3,45.4833,298.3,59,0,3.96,MG,1699846949
282,changling,44.2653,124.0005,270.54,73,5,4.85,CN,1699846949
283,mandalgovi,45.7625,106.2708,271.76,17,35,3.88,MN,1699846949
284,colonia,50.9333,6.95,281.72,89,100,2.57,DE,1699846949
285,magadan,59.5667,150.8,262.69,59,100,3.61,RU,1699846949
286,bardai,11.65,7.2333,293.23,23,23,4.2,NG,1699846949
287,mata-utu,-13.2816,-176.1745,302.02,72,94,5.32,WF,1699846950
288,nuku'alofa,-21.1333,-175.2,294.34,94,100,5.14,TO,1699846950
289,shahr-e babak,30.1165,55.1186,286.59,23,67,1.96,IR,1699846950
290,evinayong,1.4368,10.5512,293.9,100,100,0.07,GQ,1699846950
291,aracati,-4.5617,-37.7697,298.5,79,0,4.77,BR,1699846950
292,willowmore,-33.2926,23.4895,283.09,76,0,1.44,ZA,1699846950
293,alakurtti,66.9672,30.3491,266.76,96,100,1.6,RU,1699846950
294,anshun,26.25,105.9333,279.76,80,100,2.82,CN,1699846951
295,porangatu,-13.4408,-49.1486,298.79,46,8,1.13,BR,1699846951
296,badger,64.8,-147.5333,261.68,85,20,0.0,US,1699846951
297,isangel,-19.55,169.2667,299.21,73,75,4.63,VU,1699846951
298,horodnya,51.8909,31.5974,278.9,83,98,7.03,UA,1699846951
299,necochea,-38.5473,-58.7368,280.98,63,0,2.76,AR,1699846951
300,salalah,17.0151,54.0924,298.2,53,0,2.57,OM,1699846951
301,khandud,36.9513,72.318,271.12,56,36,0.52,AF,1699846951
302,bamboo flat,11.7,92.7167,299.2,89,100,1.03,IN,1699846952
303,nieuw amsterdam,5.8833,-55.0833,299.83,87,1,4.3,SR,1699846952
304,seybaplaya,19.65,-90.6667,299.85,81,38,3.67,MX,1699846952
305,palmer,42.1584,-72.3287,272.88,79,0,1.54,US,1699846952
306,rocky mountain house,52.3668,-114.9188,272.21,59,100,2.57,CA,1699846952
307,nova sintra,14.8667,-24.7167,296.39,67,53,3.03,CV,1699846952
308,neryungri,56.6709,124.6491,263.3,84,97,3.16,RU,1699846952
309,novodvinsk,64.4165,40.8122,266.36,90,70,4.9,RU,1699846953
310,fort st. john,56.2499,-120.8529,271.09,74,75,3.09,CA,1699846764
311,suoyarvi,62.0833,32.35,272.22,88,100,6.05,RU,1699846953
312,tokar,18.4254,37.729,301.47,73,18,4.07,SD,1699846953
313,anna regina,7.2644,-58.5077,300.56,79,20,4.31,GY,1699846953
314,sretensk,52.2453,117.7093,268.82,61,17,1.17,RU,1699846953
315,toropets,56.4978,31.6353,273.9,97,100,4.11,RU,1699846953
316,howard springs,-12.497,131.047,306.38,59,47,3.33,AU,1699846954
317,chibougamau,49.9168,-74.3659,266.94,93,100,3.09,CA,1699846775
318,ad dawadimi,24.5077,44.3924,290.79,47,99,4.2,SA,1699846954
319,novaya igirma,57.1334,103.9112,266.72,76,89,2.32,RU,1699846954
320,hadibu,12.65,54.0333,300.14,82,55,5.82,YE,1699846954
321,pangoa,-12.1167,-73.0,294.17,99,94,1.31,PE,1699846954
322,campo verde,-20.4167,-54.0667,300.69,37,8,2.97,BR,1699846954
323,luderitz,-26.6481,15.1594,290.54,58,0,7.43,NA,1699846753
324,san juan de miraflores,-12.1629,-76.9635,293.24,83,69,3.33,PE,1699846954
325,kushiro,42.975,144.3747,278.68,48,75,0.51,JP,1699846955
326,crescent city,41.756,-124.2018,287.69,82,75,7.72,US,1699846705
327,maicanesti,45.5,27.5,278.3,62,2,0.58,RO,1699846955
328,mount gambier,-37.8333,140.7667,291.33,44,33,4.7,AU,1699846742
329,dryden,49.7833,-92.7503,276.31,87,100,8.23,CA,1699846955
330,labytnangi,66.6572,66.4183,260.4,89,23,3.62,RU,1699846955
331,mar del plata,-38.0023,-57.5575,284.19,75,0,2.06,AR,1699846802
332,bidar,17.9,77.55,298.37,53,40,3.78,IN,1699846956
333,puerto deseado,-47.7503,-65.8938,282.15,60,0,6.97,AR,1699846887
334,zambezi,-13.5432,23.1047,291.4,87,97,1.89,ZM,1699846956
335,kismayo,-0.3582,42.5454,300.45,80,82,2.64,SO,1699846956
336,gaoual,11.75,-13.2,295.19,63,15,0.51,GN,1699846956
337,yreka,41.7354,-122.6345,284.25,68,0,0.0,US,1699846856
338,mossel bay,-34.1831,22.146,284.11,75,2,1.84,ZA,1699846957
339,san pedro,14.35,121.0167,304.99,69,75,3.6,PH,1699846957
340,fort bragg,35.139,-79.006,284.9,79,0,2.06,US,1699846957
341,north platte,41.1239,-100.7654,281.69,55,0,2.68,US,1699846958
342,egilsstadir,65.2653,-14.3948,273.1,93,20,3.6,IS,1699846958
343,villa regina,-39.1,-67.0667,285.92,15,0,0.89,AR,1699846958
344,valkeakoski,61.2642,24.0312,272.74,87,100,4.55,FI,1699846958
345,prince rupert,54.3161,-130.3201,280.98,73,100,3.6,CA,1699846811
346,nar'yan-mar,67.6713,53.087,261.54,94,42,2.24,RU,1699846783
347,ylitornio,66.3089,23.6773,260.81,97,100,2.33,FI,1699846959
348,saudarkrokur,65.7461,-19.6394,272.2,71,96,3.04,IS,1699846959
349,tofol,5.3248,163.0078,301.03,78,100,5.14,FM,1699846959
350,fort mcmurray,56.7268,-111.381,271.88,93,20,2.06,CA,1699846757
351,caleta de carquin,-11.0925,-77.6267,292.62,85,16,4.12,PE,1699846751
352,pacasmayo,-7.4006,-79.5714,292.45,84,4,6.1,PE,1699846959
353,vilyuysk,63.7553,121.6247,255.93,94,70,1.79,RU,1699846960
354,katsuura,35.1333,140.3,283.91,69,94,7.41,JP,1699846779
355,saint-francois,46.4154,3.9054,286.84,94,100,3.09,FR,1699846780
356,deori khas,23.4,79.0167,295.85,51,12,2.18,IN,1699846960
357,broken hill,-31.95,141.4333,302.63,15,30,4.93,AU,1699846669
358,korla,41.7597,86.1469,279.51,55,79,0.38,CN,1699846960
359,polyarnyy,69.1989,33.4478,263.44,95,93,4.38,RU,1699846960
360,peterhead,57.5058,-1.7981,281.37,89,100,14.46,GB,1699846961
361,ramnagar,29.4,79.1167,295.51,49,0,0.59,IN,1699846961
362,metlili chaamba,32.2667,3.6333,288.67,31,0,1.54,DZ,1699846961
363,ikryanoye,46.0932,47.7308,284.14,83,100,2.96,RU,1699846961
364,trondheim,63.4305,10.3951,273.2,84,26,2.84,NO,1699846961
365,haiku-pauwela,20.9219,-156.3051,298.16,74,40,9.77,US,1699846961
366,chimbote,-9.0853,-78.5783,292.36,85,81,3.89,PE,1699846961
367,antsiranana,-12.2787,49.2917,298.57,73,20,4.12,MG,1699846757
368,kotlas,61.2611,46.6556,273.18,90,100,2.68,RU,1699846962
369,hilo,19.7297,-155.09,297.19,90,100,0.45,US,1699846823
370,alesund,62.4723,6.1549,276.11,74,3,4.63,NO,1699846851
371,ancud,-41.8697,-73.8203,281.93,84,92,5.01,CL,1699846744
372,san antonio de pale,-1.4014,5.6325,299.36,83,47,4.3,GQ,1699846962
373,asubulaq,49.5583,83.0558,274.32,86,100,1.34,KZ,1699846962
374,sanquelim,15.5833,74.0,300.38,55,100,2.29,IN,1699846962
375,riyadh,24.6877,46.7219,292.23,52,61,2.72,SA,1699846800
376,murehwa,-17.6432,31.784,292.88,61,27,1.41,ZW,1699846962
377,griffith,41.5284,-87.4237,282.53,59,0,3.6,US,1699846694
378,cabedelo,-6.9811,-34.8339,297.52,78,27,2.93,BR,1699846895
379,tarnogskiy gorodok,60.4997,43.5761,273.85,97,100,5.4,RU,1699846963
380,bikenibeu village,1.3673,173.1241,303.13,79,75,1.54,KI,1699846963
381,zhangye,38.9342,100.4517,278.68,25,0,1.71,CN,1699846963
382,kisangani,0.5167,25.2,293.09,98,100,1.18,CD,1699846867
383,ruwandiz,36.6163,44.5311,288.62,54,95,0.56,IQ,1699846963
384,kone,-21.0595,164.8658,299.24,49,53,4.59,NC,1699846963
385,saldanha,-33.0117,17.9442,286.18,87,1,5.93,ZA,1699846743
386,skipton,53.9614,-2.0168,281.94,97,100,2.34,GB,1699846963
387,sorong,-0.8833,131.25,302.85,70,99,3.27,ID,1699846964
388,kirando,-7.4167,30.6,296.31,81,100,2.5,TZ,1699846964
389,maragogi,-9.0122,-35.2225,296.24,80,7,1.5,BR,1699846964
390,vineuil,47.5833,1.3833,288.13,88,100,8.74,FR,1699846964
391,nelson bay,-32.7167,152.15,295.43,64,82,1.79,AU,1699846855
392,bokoro,12.3807,17.0568,299.22,22,79,3.0,TD,1699846964
393,nabire,-3.3667,135.4833,305.45,54,44,2.0,ID,1699846964
394,lampazos de naranjo,27.0167,-100.5167,287.79,95,100,2.33,MX,1699846964
395,nguti,5.3299,9.4185,296.33,95,100,0.54,CM,1699846965
396,half moon,34.826,-77.4594,284.39,83,100,5.14,US,1699846965
397,tarija,-21.5355,-64.7296,293.23,67,100,0.87,BO,1699846965
398,rethymno,35.3647,24.4714,292.94,78,56,3.56,GR,1699846965
399,gadzhiyevo,69.2551,33.3362,262.93,96,96,4.23,RU,1699846752
400,higuera de zaragoza,25.95,-109.2833,296.11,56,0,3.3,MX,1699846965
401,quepos,9.4236,-84.1652,299.31,87,100,0.36,CR,1699846965
402,dzhubga,44.3211,38.7039,287.0,78,99,3.95,RU,1699846965
403,caribou,46.8606,-68.012,270.39,77,100,4.12,US,1699846965
404,benito juarez,19.385,-99.165,290.37,80,75,2.06,MX,1699846936
405,acapulco de juarez,16.8634,-99.8901,302.05,84,0,2.57,MX,1699846940
406,sebastopol,44.6,33.5333,284.26,54,85,3.28,UA,1699846966
407,vulcanesti,45.6842,28.4028,278.19,61,3,1.14,MD,1699846966
408,grand baie,-20.0182,57.5802,300.07,65,0,0.45,MU,1699846966
409,luanda,-8.8368,13.2343,298.15,83,75,3.09,AO,1699846966
410,ambovombe,-25.1667,46.0833,298.33,47,0,3.34,MG,1699846966
411,praia da vitoria,38.7333,-27.0667,290.29,82,75,1.33,PT,1699846783
412,talakan,50.3167,130.3667,269.49,66,33,4.98,RU,1699846966
413,gulf shores,30.246,-87.7008,292.04,80,100,2.57,US,1699846967
414,yaren,-0.5472,166.916,301.33,80,94,11.37,NR,1699846967
415,castillos,-34.1667,-53.8333,288.42,91,67,3.28,UY,1699846967
416,argo,37.6333,22.7333,289.7,83,99,0.79,GR,1699846967
417,sinabang,2.4803,96.3801,301.38,77,76,1.42,ID,1699846967
418,lorengau,-2.0226,147.2712,302.23,67,62,1.49,PG,1699846967
419,lannemezan,43.1252,0.384,282.31,66,49,2.63,FR,1699846967
420,kashgar,39.4547,75.9797,279.71,42,0,4.0,CN,1699846967
421,washim,20.1,77.15,297.39,43,66,2.58,IN,1699846967
422,gustavia,17.8962,-62.8498,300.68,79,1,4.47,BL,1699846626
423,montenegro,42.5,19.3,277.01,93,0,0.0,ME,1699846968
424,belfast,54.5833,-5.9333,284.48,94,20,5.66,GB,1699846680
425,sandnessjoen,66.0217,12.6316,265.44,69,14,5.79,NO,1699846968
426,utrik,11.2278,169.8474,301.03,83,99,9.15,MH,1699846748
427,bugyi,47.2275,19.1466,277.63,83,98,2.07,HU,1699846968
428,sabratah,32.7933,12.4885,293.04,55,0,2.89,LY,1699846968
429,salekhard,66.53,66.6019,260.96,88,8,3.88,RU,1699846968
430,mount carmel,38.4109,-87.7614,280.32,50,25,2.09,US,1699846968
431,tallahassee,30.4383,-84.2807,288.63,91,100,1.34,US,1699846969
432,uniao da vitoria,-26.23,-51.0864,293.94,95,61,1.77,BR,1699846969
433,guerrero negro,27.9769,-114.0611,292.5,64,0,4.42,MX,1699846969
434,shache,38.4167,77.2406,282.07,22,21,0.55,CN,1699846969
435,taco pozo,-25.6167,-63.2833,293.34,92,100,5.33,AR,1699846969
436,la ronge,55.1001,-105.2842,272.29,86,75,2.57,CA,1699846969
437,aripuana,-9.1667,-60.6333,298.99,75,42,0.61,BR,1699846969
438,wynyard,-41.0,145.7167,292.35,34,0,6.29,AU,1699846763
439,tobelo,1.7284,128.0095,302.3,73,100,2.86,ID,1699846969
440,northam,51.0333,-4.2167,287.73,98,100,12.66,GB,1699846970
441,jiguani,20.3667,-76.4272,298.03,95,12,1.68,CU,1699846970
442,laguna,38.421,-121.4238,289.14,63,0,2.57,US,1699846970
443,blythe,33.6103,-114.5964,291.4,19,0,2.57,US,1699846970
444,el calafate,-50.3408,-72.2768,280.01,72,100,1.98,AR,1699846970
445,ash shihaniyah,25.3686,51.2264,297.94,65,80,2.09,QA,1699846970
446,yanbu,24.0891,38.0637,300.17,78,20,0.0,SA,1699846970
447,ayapel,8.3137,-75.1398,298.48,95,100,1.87,CO,1699846970
448,alice springs,-23.7,133.8833,308.9,21,86,4.63,AU,1699846970
449,puerto maldonado,-12.6,-69.1833,299.43,67,63,0.83,PE,1699846971
450,paka,4.6374,103.4368,305.11,70,20,1.03,MY,1699846971
451,kamphaeng phet,16.25,99.5,302.88,66,60,1.66,TH,1699846971
452,sarandi grande,-33.7333,-56.3333,287.97,79,100,5.87,UY,1699846971
453,ust-tsilma,65.441,52.1498,267.93,95,97,1.34,RU,1699846762
454,sao joao da barra,-21.6403,-41.0511,297.09,90,85,2.98,BR,1699846971
455,puerto aysen,-45.4,-72.7,278.46,99,100,2.54,CL,1699846971
456,cabanas,22.9758,-82.9219,298.43,87,71,5.33,CU,1699846971
457,severo-yeniseyskiy,60.3725,93.0408,269.03,98,98,0.89,RU,1699846971
458,thunder bay,48.4001,-89.3168,279.14,81,100,5.66,CA,1699846972
459,afaahiti,-17.75,-149.2833,297.08,80,56,2.56,PF,1699846972
460,ouro preto do oeste,-10.7481,-62.2158,297.44,86,42,0.91,BR,1699846825
461,vel'sk,61.0701,42.0983,273.3,91,100,1.79,RU,1699846972
462,leskovac,42.9981,21.9461,277.92,85,75,0.37,RS,1699846972
463,cabo san lucas,22.8909,-109.9124,300.24,69,20,3.6,MX,1699846889
464,grand island,40.925,-98.342,282.75,54,0,1.54,US,1699846972
465,tavda,58.0425,65.2726,274.09,95,95,1.79,RU,1699846972
466,akureyri,65.6835,-18.0878,274.11,69,75,1.03,IS,1699846973
467,paoua,7.2427,16.4406,294.23,96,100,1.31,CF,1699846973
468,ostersund,63.1792,14.6357,267.4,93,100,2.57,SE,1699846973
469,kapuskasing,49.4169,-82.4331,274.2,100,100,8.23,CA,1699846967
470,sinop,41.7711,34.8709,284.56,91,99,2.51,TR,1699846973
471,grand falls-windsor,48.9332,-55.6649,267.73,91,12,2.25,CA,1699846973
472,mwene-ditu,-7.0,23.45,290.44,97,99,1.27,CD,1699846973
473,montalvo,-1.8,-79.3333,298.7,81,42,0.57,EC,1699846973
474,selfoss,63.9331,-20.9971,275.95,61,100,6.14,IS,1699846973
475,colares,38.7992,-9.4469,292.22,95,4,3.13,PT,1699846974
476,pangody,65.85,74.4859,264.85,87,13,9.02,RU,1699846974
477,gurupi,-11.7292,-49.0686,299.57,41,7,1.05,BR,1699846974
478,paidha,2.4167,30.9855,289.55,90,17,1.68,UG,1699846974
479,vaasa,63.096,21.6158,272.16,97,100,4.92,FI,1699846974
480,puerto rico,-26.796,-55.024,298.72,75,34,1.14,AR,1699846974
481,lambarene,-0.7001,10.2406,296.84,96,97,1.36,GA,1699846974
482,maba,24.6841,113.5984,289.81,23,97,2.41,CN,1699846974
483,fortaleza,-3.7227,-38.5247,300.49,74,20,4.63,BR,1699846800
484,masterton,-40.9597,175.6575,290.06,63,31,6.57,NZ,1699846975
485,yazykovo,55.2199,56.1353,275.35,79,100,6.66,RU,1699846975
486,kalmunai,7.4167,81.8167,298.85,89,100,3.84,LK,1699846748
487,nova xavantina,-14.6667,-52.35,299.41,46,94,1.27,BR,1699846975
488,esfarayen,37.0765,57.5101,275.96,51,66,1.32,IR,1699846975
489,box elder,41.5005,-112.8764,282.74,44,98,1.29,US,1699846761
490,dongola,19.1667,30.4833,298.4,50,60,3.09,SD,1699846975
491,nyurba,63.2842,118.3319,259.92,90,100,1.78,RU,1699846975
492,touros,-5.1989,-35.4608,299.59,72,43,5.8,BR,1699846975
493,sinnar,13.5691,33.5672,301.71,37,67,2.63,SD,1699846976
494,daru,-9.0763,143.2092,301.16,65,74,3.95,PG,1699846762
495,kalajoki,64.25,23.95,271.99,82,100,4.34,FI,1699846976
496,huarmey,-10.0681,-78.1522,292.93,83,66,4.47,PE,1699846976
497,yanam,16.7333,82.2167,301.69,64,100,4.22,IN,1699846976
498,gembu,6.7,11.2667,290.8,81,100,1.12,NG,1699846769
499,beroroha,-21.6667,45.1667,300.34,40,0,1.35,MG,1699846976
500,iraquara,-12.2486,-41.6194,293.19,49,1,1.08,BR,1699846976
501,loralai,30.3705,68.598,288.3,22,20,1.54,PK,1699846977
502,chernyshevsk,52.5243,117.0174,267.43,62,13,1.72,RU,1699846977
503,harrison,30.4091,-89.0436,291.19,89,100,6.17,US,1699846977
504,el granada,37.5027,-122.4694,289.76,83,100,4.12,US,1699846977
505,piti village,13.4626,144.6933,305.64,76,40,7.72,GU,1699846977
506,smithers,54.7804,-127.1743,272.33,100,100,1.03,CA,1699846977
507,maceio,-9.6658,-35.7353,295.84,94,0,1.03,BR,1699846977
508,qarauyl,48.9451,79.255,275.99,67,97,6.33,KZ,1699846977
509,oamaru,-45.0784,170.9801,293.92,58,67,0.45,NZ,1699846977
510,vanimo,-2.6741,141.3028,301.7,81,72,2.76,PG,1699846978
511,chaykovskiy,56.7686,54.1148,274.14,91,100,5.75,RU,1699846978
512,buri ram,14.9943,103.1039,302.3,70,63,4.2,TH,1699846978
513,thivai,38.325,23.3189,290.95,87,100,2.39,GR,1699846978
514,mahina,-17.5065,-149.489,298.02,94,75,1.03,PF,1699846753
515,tannum sands,-23.9504,151.3693,301.09,36,4,6.17,AU,1699846978
516,igabi,10.7889,7.7749,292.56,31,53,2.45,NG,1699846978
517,shatrovo,56.5167,64.6333,273.57,88,100,2.9,RU,1699846978
518,castelli,-25.9468,-60.6195,296.97,82,98,5.79,AR,1699846979
519,makurdi,7.7411,8.5121,299.18,81,100,1.31,NG,1699846980
520,raton,36.9034,-104.4391,277.49,26,0,2.57,US,1699846980
521,arkhangel'sk,64.5401,40.5433,266.55,90,68,4.93,RU,1699846783
522,lexington,37.9887,-84.4777,279.15,75,0,0.0,US,1699846950
523,jumla,29.2747,82.1838,288.18,33,0,1.42,NP,1699846461
524,coxim,-18.5067,-54.76,301.22,38,28,0.98,BR,1699846981
525,el hamma,33.8915,9.7963,290.48,68,21,2.26,TN,1699846981
526,stanthorpe,-28.6667,151.95,302.83,41,0,5.09,AU,1699846981
527,okhotsk,59.3833,143.3,260.01,75,1,8.72,RU,1699846981
528,donggang,28.9365,114.2259,282.45,71,99,1.51,CN,1699846981
529,alhandra,-7.4386,-34.9144,297.27,83,15,1.46,BR,1699846982
530,urucui,-7.2294,-44.5561,299.88,38,0,1.53,BR,1699846982
531,son la,21.3167,103.9,296.54,83,72,1.85,VN,1699846982
532,manthani,18.65,79.6667,298.79,57,45,2.08,IN,1699846982
533,walvis bay,-22.9575,14.5053,287.68,88,0,3.09,NA,1699846982
534,mirador,-6.3708,-44.3631,299.34,38,24,0.78,BR,1699846982
535,rongelap,11.1635,166.8941,301.12,84,100,8.88,MH,1699846774
536,krasnoural'sk,58.3638,60.0407,273.38,88,100,2.31,RU,1699846983
537,kruisfontein,-34.0033,24.7314,285.57,68,13,2.63,ZA,1699846983
538,kita,13.0349,-9.4895,295.79,20,27,1.86,ML,1699846983
539,ohara,35.25,140.3833,283.53,70,95,7.4,JP,1699846983
540,kem',64.9555,34.5793,272.26,78,37,7.76,RU,1699846983
541,inirida,3.8653,-67.9239,297.27,95,94,1.44,CO,1699846983
542,enchanted hills,35.3368,-106.593,284.11,49,0,0.89,US,1699846984
543,penzance,50.1186,-5.5371,287.53,92,100,15.82,GB,1699846984
544,pyhajarvi,67.0701,27.2176,262.0,98,100,1.81,FI,1699846984
545,umm kaddadah,13.6017,26.6876,299.68,32,23,4.32,SD,1699846984
546,kalemie,-5.9475,29.1947,294.31,92,78,2.24,CD,1699846984
547,al artawiyah,26.5053,45.3444,294.33,38,100,3.56,SA,1699846984
548,necocli,8.4234,-76.786,299.0,89,100,3.76,CO,1699846985
549,bandar abbas,27.1865,56.2808,295.14,78,0,2.06,IR,1699846985
550,bodo,67.28,14.405,271.73,65,0,8.75,NO,1699846985
551,quiberon,47.4841,-3.1196,289.86,93,100,5.36,FR,1699846985
552,bull savanna,17.8868,-77.5902,298.25,81,26,2.73,JM,1699846985
553,wabag,-5.4781,143.7021,296.49,47,44,1.64,PG,1699846985
554,pontevedra,42.431,-8.6444,292.05,95,100,5.52,ES,1699846986
555,alofi,-19.0595,-169.9187,297.09,88,100,5.66,NU,1699846776
556,viedma,-40.8135,-62.9967,283.02,19,0,4.07,AR,1699846770
557,yung shue wan,22.2333,114.1167,297.38,66,57,2.24,HK,1699846986
558,bima,-8.4667,118.7167,308.1,48,83,0.52,ID,1699846986
559,lilongwe,-13.9669,33.7873,295.38,71,44,1.15,MW,1699846880
560,lerwick,60.1545,-1.1494,281.05,76,20,9.97,GB,1699846986
561,palmas,-10.2128,-48.3603,300.08,74,0,1.54,BR,1699846986
562,gamba,-2.65,10.0,297.93,89,96,1.53,GA,1699846987
563,bomdila,27.25,92.4,289.52,42,0,2.03,IN,1699846987
564,segezha,63.7415,34.3222,270.77,85,100,8.11,RU,1699846987
565,aswan,24.0934,32.907,297.76,60,0,2.57,EG,1699846987
566,micheweni,-4.9667,39.8333,298.95,85,58,1.77,TZ,1699846988
567,soe,-9.8607,124.284,305.32,30,6,4.57,ID,1699846988
568,fisterra,42.9049,-9.2629,292.05,94,98,12.77,ES,1699846988
